{
    "rmse": 0.7028935559694997,
    "mae": 0.5508093839999572,
    "r_squared": 0.24368300343715787
}