{
    "rmse": 0.7308774042075094,
    "mae": 0.569940803685906,
    "r_squared": 0.2319387773346533
}