{
    "rmse": 0.6816066925784069,
    "mae": 0.5456048267991003,
    "r_squared": 0.280155433269794
}